{"rot_mse": 2.0909481048583984, "rot_mse_q3": 1.5761656761169434, "rot_mse_q0": 2.489426612854004, "rot_mse_q2": 2.1799960136413574, "rot_mse_q1": 3.311586856842041, "loss": 2.0909481048583984, "loss_q3": 1.5761656761169434, "loss_q0": 2.489426612854004, "loss_q2": 2.1799960136413574, "loss_q1": 3.311586856842041, "param_norm": 210.25247730953933, "grad_norm": 0.9999994564017244, "step": 0, "samples": 64, "_timestamp": 1747573759.5538626, "_runtime": 9.707153558731079, "_step": 0, "_wandb": {"runtime": 9}}